<?xml version='1.0' encoding='utf-8'?>
<annotation>
<folder>IMAGE_BASE</folder>
<filename>20190410_095207.jpg</filename>
<path>C:/Users/F378787/Documents/Projet_TU_2019/Base/20190410_095207.jpg</path>
<source>
<database>Unknown</database>
</source>
<size>
<width>768</width>
<height>576</height>
<depth>3</depth>
</size>
<segmented>0</segmented>
<object>
<name>temoin:100</name>
<pose>dessus</pose>
<truncated>0</truncated>
<difficult>0</difficult>
<bndbox>
<xmin>330</xmin>
<ymin>178</ymin>
<xmax>371</xmax>
<ymax>337</ymax>
</bndbox>
<origine>aucune</origine>
<lumiere>lumiereAmbiante</lumiere>
<lieu>ladoux</lieu>
<meteo>Unknown</meteo>
<user>Unknown</user>
<propreteTemoin>propre</propreteTemoin>
<etatTemoin>neuf</etatTemoin>
</object>
</annotation>