<?xml version='1.0' encoding='utf-8'?>
<annotation>
<folder>IMAGE_BASE</folder>
<filename>20190529_145908.jpg</filename>
<path>C:/Users/F378787/Documents/Projet_TU_2019/Base/20190529_145908.jpg</path>
<source>
<database>Unknown</database>
</source>
<size>
<width>768</width>
<height>576</height>
<depth>3</depth>
</size>
<segmented>0</segmented>
<object>
<name>temoin:50</name>
<pose>face</pose>
<truncated>0</truncated>
<difficult>1</difficult>
<bndbox>
<xmin>293</xmin>
<ymin>262</ymin>
<xmax>444</xmax>
<ymax>363</ymax>
</bndbox>
<origine>raboteuse</origine>
<lumiere>flash</lumiere>
<lieu>ladoux</lieu>
<meteo>Unknown</meteo>
<user>Unknown</user>
<propreteTemoin>propre</propreteTemoin>
<etatTemoin>bon</etatTemoin>
</object>
</annotation>