<?xml version='1.0' encoding='utf-8'?>
<annotation>
<folder>IMAGE_BASE</folder>
<filename>20190404_131546_HDR.jpg</filename>
<path>C:/Users/F378787/Documents/Projet_TU_2019/Base/20190404_131546_HDR.jpg</path>
<source>
<database>Unknown</database>
</source>
<size>
<width>885</width>
<height>498</height>
<depth>3</depth>
</size>
<segmented>0</segmented>
<object>
<name>temoin:100</name>
<pose>face</pose>
<truncated>0</truncated>
<difficult>0</difficult>
<bndbox>
<xmin>369</xmin>
<ymin>203</ymin>
<xmax>420</xmax>
<ymax>294</ymax>
</bndbox>
<origine>aucune</origine>
<lumiere>lumiereAmbiante</lumiere>
<etatTemoin>neuf</etatTemoin>
<propreteTemoin>propre</propreteTemoin>
<user>Unknown</user>
<meteo>Unknown</meteo>
<lieu>ladoux</lieu>
</object>
</annotation>