<?xml version='1.0' encoding='utf-8'?>
<annotation>
<folder>Base</folder>
<filename>20190321_110818.jpg</filename>
<path>C:/Users/F378787/Documents/Projet_TU_2019/Base/20190321_110818.jpg</path>
<source>
<database>Unknown</database>
</source>
<size>
<width>90</width>
<height>160</height>
<depth>3</depth>
</size>
<segmented>0</segmented>
<object>
<name>temoin:100</name>
<pose>dessus</pose>
<truncated>0</truncated>
<difficult>0</difficult>
<bndbox>
<xmin>35</xmin>
<ymin>57</ymin>
<xmax>68</xmax>
<ymax>73</ymax>
</bndbox>
<origine>aucune</origine>
<lumiere>lumiereAmbiante</lumiere>
<etatTemoin>neuf</etatTemoin>
<propreteTemoin>propre</propreteTemoin>
<user>Unknown</user>
<meteo>Unknown</meteo>
<lieu>ladoux</lieu>
</object>
</annotation>