<?xml version='1.0' encoding='utf-8'?>
<annotation>
<folder>IMAGE_BASE</folder>
<filename>20190529_152737.jpg</filename>
<path>C:/Users/F378787/Documents/Projet_TU_2019/Base/20190529_152737.jpg</path>
<source>
<database>Unknown</database>
</source>
<size>
<width>576</width>
<height>768</height>
<depth>3</depth>
</size>
<segmented>0</segmented>
<object>
<name>temoin:75</name>
<pose>face</pose>
<truncated>0</truncated>
<difficult>1</difficult>
<bndbox>
<xmin>196</xmin>
<ymin>225</ymin>
<xmax>334</xmax>
<ymax>396</ymax>
</bndbox>
<origine>raboteuse</origine>
<lumiere>lumiereAmbiante</lumiere>
<lieu>ladoux</lieu>
<meteo>Unknown</meteo>
<user>Unknown</user>
<propreteTemoin>propre</propreteTemoin>
<etatTemoin>bon</etatTemoin>
</object>
</annotation>