<?xml version='1.0' encoding='utf-8'?>
<annotation>
<folder>IMAGE_BASE</folder>
<filename>20190429_144543.jpg</filename>
<path>C:/Users/F378787/Documents/Projet_TU_2019/Base/20190429_144543.jpg</path>
<source>
<database>Unknown</database>
</source>
<size>
<width>576</width>
<height>768</height>
<depth>3</depth>
</size>
<segmented>0</segmented>
<object>
<name>temoin:90</name>
<pose>dessus</pose>
<truncated>0</truncated>
<difficult>0</difficult>
<bndbox>
<xmin>237</xmin>
<ymin>251</ymin>
<xmax>326</xmax>
<ymax>468</ymax>
</bndbox>
<origine>camionnette</origine>
<lumiere>flash</lumiere>
<etatTemoin>bon</etatTemoin>
<propreteTemoin>propre</propreteTemoin>
<user>Unknown</user>
<meteo>beau</meteo>
<lieu>ladoux</lieu>
</object>
</annotation>