<?xml version='1.0' encoding='utf-8'?>
<annotation>
<folder>IMAGE_BASE</folder>
<filename>20190524_150911.jpg</filename>
<path>C:/Users/F378787/Documents/Projet_TU_2019/Base/20190524_150911.jpg</path>
<source>
<database>Unknown</database>
</source>
<size>
<width>768</width>
<height>576</height>
<depth>3</depth>
</size>
<segmented>0</segmented>
<object>
<name>temoin:80</name>
<pose>face</pose>
<truncated>0</truncated>
<difficult>0</difficult>
<bndbox>
<xmin>229</xmin>
<ymin>142</ymin>
<xmax>424</xmax>
<ymax>429</ymax>
</bndbox>
<origine>camionnette</origine>
<lumiere>soleil</lumiere>
<lieu>ladoux</lieu>
<meteo>beau</meteo>
<user>Unknown</user>
<propreteTemoin>propre</propreteTemoin>
<etatTemoin>abime</etatTemoin>
</object>
</annotation>