<?xml version='1.0' encoding='utf-8'?>
<annotation>
<folder>Images</folder>
<filename>20190510_164055.jpg</filename>
<path>C:/Users/F378787/Documents/Projet_TU_2019/Base/20190510_164055.jpg</path>
<source>
<database>Unknown</database>
</source>
<size>
<width>768</width>
<height>576</height>
<depth>3</depth>
</size>
<segmented>0</segmented>
<object>
<name>temoin:75</name>
<pose>face</pose>
<truncated>0</truncated>
<difficult>1</difficult>
<bndbox>
<xmin>317</xmin>
<ymin>184</ymin>
<xmax>528</xmax>
<ymax>305</ymax>
</bndbox>
<origine>raboteuse</origine>
<lumiere>lumiereAmbiante</lumiere>
<lieu>ladoux</lieu>
<meteo>Unknown</meteo>
<user>Unknown</user>
<propreteTemoin>propre</propreteTemoin>
<etatTemoin>bon</etatTemoin>
</object>
</annotation>