<?xml version='1.0' encoding='utf-8'?>
<annotation>
<folder>Base</folder>
<filename>20190313_132117.jpg</filename>
<path>C:/Users/F378787/Documents/Projet_TU_2019/Base/20190313_132117.jpg</path>
<source>
<database>Unknown</database>
</source>
<size>
<width>306</width>
<height>544</height>
<depth>3</depth>
</size>
<segmented>0</segmented>
<object>
<name>temoin:100</name>
<pose>face</pose>
<truncated>0</truncated>
<difficult>0</difficult>
<bndbox>
<xmin>33</xmin>
<ymin>132</ymin>
<xmax>275</xmax>
<ymax>342</ymax>
</bndbox>
<origine>aucune</origine>
<lumiere>lumiereAmbiante</lumiere>
<lieu>ladoux</lieu>
<meteo>Unknown</meteo>
<user>Unknown</user>
<propreteTemoin>propre</propreteTemoin>
<etatTemoin>neuf</etatTemoin>
</object>
</annotation>